insert into users (id, name, lastName, email, password, category, image) values (1, 'Nedi', 'McGarel', 'nmcgarel0@amazonaws.com', '09ebaFZqTQp7', 'admin', 'http://dummyimage.com/119x207.png/ff4444/ffffff');
insert into users (id, name, lastName, email, password, category, image) values (2, 'Lowrance', 'Dessaur', 'ldessaur1@theguardian.com', '5aozoyZWvd', 'admin', 'http://dummyimage.com/136x127.png/ff4444/ffffff');
insert into users (id, name, lastName, email, password, category, image) values (3, 'Thurstan', 'McConnachie', 'tmcconnachie2@clickbank.net', 'd0MAW2lLABF', 'client', 'http://dummyimage.com/177x226.png/cc0000/ffffff');
insert into users (id, name, lastName, email, password, category, image) values (4, 'Sonny', 'Bagnall', 'sbagnall3@nature.com', 'Bih0dM', 'admin', 'http://dummyimage.com/228x121.png/dddddd/000000');
insert into users (id, name, lastName, email, password, category, image) values (5, 'Marla', 'Littler', 'mlittler4@privacy.gov.au', 'msmraVted9', 'client', 'http://dummyimage.com/193x149.png/dddddd/000000');
insert into users (id, name, lastName, email, password, category, image) values (6, 'Trudy', 'Christy', 'tchristy5@sina.com.cn', 'BJC34uR', 'client', 'http://dummyimage.com/225x207.png/5fa2dd/ffffff');
insert into users (id, name, lastName, email, password, category, image) values (7, 'Ardath', 'Kail', 'akail6@surveymonkey.com', 'Wtu6S3dW', 'admin', 'http://dummyimage.com/110x231.png/5fa2dd/ffffff');
insert into users (id, name, lastName, email, password, category, image) values (8, 'Humfrey', 'Warstall', 'hwarstall7@typepad.com', 'e3lg6X9b4Fj', 'admin', 'http://dummyimage.com/233x234.png/dddddd/000000');
insert into users (id, name, lastName, email, password, category, image) values (9, 'Iosep', 'Scrivin', 'iscrivin8@360.cn', 'hdkIIiI7', 'client', 'http://dummyimage.com/230x165.png/ff4444/ffffff');
insert into users (id, name, lastName, email, password, category, image) values (10, 'Jephthah', 'Lutman', 'jlutman9@ftc.gov', 'rV4JuiDnMBC', 'admin', 'http://dummyimage.com/111x195.png/5fa2dd/ffffff');
insert into users (id, name, lastName, email, password, category, image) values (11, 'Zandra', 'Barcroft', 'zbarcrofta@fc2.com', 'swQyvrW', 'client', 'http://dummyimage.com/201x241.png/ff4444/ffffff');
insert into users (id, name, lastName, email, password, category, image) values (12, 'Hollyanne', 'Jirus', 'hjirusb@tamu.edu', 'YUpooWTVOz', 'admin', 'http://dummyimage.com/196x227.png/5fa2dd/ffffff');
insert into users (id, name, lastName, email, password, category, image) values (13, 'Leopold', 'Cullrford', 'lcullrfordc@theatlantic.com', 'YLinXZ', 'admin', 'http://dummyimage.com/203x129.png/cc0000/ffffff');
insert into users (id, name, lastName, email, password, category, image) values (14, 'Deeann', 'O'' Driscoll', 'dodriscolld@nymag.com', 'fQpMEPs4OArq', 'admin', 'http://dummyimage.com/143x100.png/cc0000/ffffff');
insert into users (id, name, lastName, email, password, category, image) values (15, 'Gothart', 'Derkes', 'gderkese@comsenz.com', 'KXp8qUh', 'client', 'http://dummyimage.com/235x117.png/cc0000/ffffff');
insert into users (id, name, lastName, email, password, category, image) values (16, 'Jessamyn', 'Bendle', 'jbendlef@furl.net', '847nAqKcLn', 'client', 'http://dummyimage.com/150x219.png/dddddd/000000');
insert into users (id, name, lastName, email, password, category, image) values (17, 'Korie', 'Couser', 'kcouserg@illinois.edu', 'RvbrAjF', 'client', 'http://dummyimage.com/134x177.png/ff4444/ffffff');
insert into users (id, name, lastName, email, password, category, image) values (18, 'Jacki', 'Gocke', 'jgockeh@bbc.co.uk', 'dWrT8DNG9epZ', 'admin', 'http://dummyimage.com/107x133.png/dddddd/000000');
insert into users (id, name, lastName, email, password, category, image) values (19, 'Micheal', 'Garioch', 'mgariochi@latimes.com', '8KdQabhw', 'admin', 'http://dummyimage.com/111x144.png/dddddd/000000');
insert into users (id, name, lastName, email, password, category, image) values (20, 'Dallis', 'Gollop', 'dgollopj@unc.edu', 'M8m9dIGHhZd8', 'admin', 'http://dummyimage.com/223x142.png/ff4444/ffffff');
insert into users (id, name, lastName, email, password, category, image) values (21, 'Eben', 'Menicomb', 'emenicombk@woothemes.com', '6UmDiv', 'admin', 'http://dummyimage.com/237x174.png/cc0000/ffffff');
insert into users (id, name, lastName, email, password, category, image) values (22, 'Quintana', 'Hann', 'qhannl@cbsnews.com', '4QXFhF', 'admin', 'http://dummyimage.com/156x242.png/ff4444/ffffff');
insert into users (id, name, lastName, email, password, category, image) values (23, 'Lanie', 'Annets', 'lannetsm@jimdo.com', 'RLXXqjbIQqTZ', 'admin', 'http://dummyimage.com/180x213.png/cc0000/ffffff');
insert into users (id, name, lastName, email, password, category, image) values (24, 'Modestia', 'Andren', 'mandrenn@theglobeandmail.com', 'dhovmCW', 'admin', 'http://dummyimage.com/205x117.png/5fa2dd/ffffff');
insert into users (id, name, lastName, email, password, category, image) values (25, 'Geri', 'Gartshore', 'ggartshoreo@globo.com', 'Lg9euFK0V0S', 'client', 'http://dummyimage.com/162x218.png/ff4444/ffffff');
insert into users (id, name, lastName, email, password, category, image) values (26, 'Teodoor', 'Minards', 'tminardsp@whitehouse.gov', 'jNykAIJI', 'client', 'http://dummyimage.com/144x111.png/5fa2dd/ffffff');
insert into users (id, name, lastName, email, password, category, image) values (27, 'Erny', 'Scriven', 'escrivenq@google.nl', 'RviuvAa', 'client', 'http://dummyimage.com/223x149.png/dddddd/000000');
insert into users (id, name, lastName, email, password, category, image) values (28, 'Colet', 'Bean', 'cbeanr@guardian.co.uk', 'wa9Mra7Gk', 'client', 'http://dummyimage.com/196x166.png/dddddd/000000');
insert into users (id, name, lastName, email, password, category, image) values (29, 'Reyna', 'Chevalier', 'rchevaliers@chicagotribune.com', 'M4gQR4', 'client', 'http://dummyimage.com/224x180.png/ff4444/ffffff');
insert into users (id, name, lastName, email, password, category, image) values (30, 'Nicky', 'Kime', 'nkimet@gravatar.com', 'OIsmw55a9Zp', 'client', 'http://dummyimage.com/150x186.png/ff4444/ffffff');
insert into users (id, name, lastName, email, password, category, image) values (31, 'Tobiah', 'Baffin', 'tbaffinu@homestead.com', 'oRUDsdi', 'admin', 'http://dummyimage.com/242x170.png/dddddd/000000');
insert into users (id, name, lastName, email, password, category, image) values (32, 'Dee dee', 'Clayhill', 'dclayhillv@squarespace.com', 'lfMWaW', 'client', 'http://dummyimage.com/201x202.png/dddddd/000000');
insert into users (id, name, lastName, email, password, category, image) values (33, 'Kele', 'Blazevic', 'kblazevicw@scribd.com', 'uepAErEGLEJ', 'admin', 'http://dummyimage.com/250x138.png/ff4444/ffffff');
insert into users (id, name, lastName, email, password, category, image) values (34, 'Minette', 'Bevir', 'mbevirx@timesonline.co.uk', 'oafHg22KF', 'admin', 'http://dummyimage.com/247x172.png/dddddd/000000');
insert into users (id, name, lastName, email, password, category, image) values (35, 'Rosco', 'Pogson', 'rpogsony@tiny.cc', 'IZZS3qY', 'client', 'http://dummyimage.com/240x139.png/5fa2dd/ffffff');
insert into users (id, name, lastName, email, password, category, image) values (36, 'Cheri', 'MacCague', 'cmaccaguez@npr.org', 'nl2Rmbo6', 'client', 'http://dummyimage.com/113x105.png/dddddd/000000');
insert into users (id, name, lastName, email, password, category, image) values (37, 'Tamera', 'Belly', 'tbelly10@g.co', 'AtmPus', 'admin', 'http://dummyimage.com/180x164.png/dddddd/000000');
insert into users (id, name, lastName, email, password, category, image) values (38, 'Rouvin', 'Jurisic', 'rjurisic11@jiathis.com', '2IiC8TrqeEcM', 'admin', 'http://dummyimage.com/229x176.png/cc0000/ffffff');
insert into users (id, name, lastName, email, password, category, image) values (39, 'Reade', 'Sonnenschein', 'rsonnenschein12@yandex.ru', 'cXpzQK', 'client', 'http://dummyimage.com/185x203.png/cc0000/ffffff');
insert into users (id, name, lastName, email, password, category, image) values (40, 'Marys', 'Redolfi', 'mredolfi13@angelfire.com', 'XjBG49TqlR', 'client', 'http://dummyimage.com/134x187.png/cc0000/ffffff');
insert into users (id, name, lastName, email, password, category, image) values (41, 'Dael', 'Doubrava', 'ddoubrava14@businessinsider.com', 'FST9LHwJ', 'admin', 'http://dummyimage.com/116x120.png/5fa2dd/ffffff');
insert into users (id, name, lastName, email, password, category, image) values (42, 'Theobald', 'Duprey', 'tduprey15@engadget.com', 'LsSulHeYjO', 'admin', 'http://dummyimage.com/171x225.png/cc0000/ffffff');
insert into users (id, name, lastName, email, password, category, image) values (43, 'Hagen', 'Sansam', 'hsansam16@comcast.net', 'DbPc3AVMqcsD', 'client', 'http://dummyimage.com/180x161.png/dddddd/000000');
insert into users (id, name, lastName, email, password, category, image) values (44, 'Suzy', 'Chese', 'schese17@uiuc.edu', 'ZrJjxP5MKuVQ', 'admin', 'http://dummyimage.com/179x105.png/ff4444/ffffff');
insert into users (id, name, lastName, email, password, category, image) values (45, 'Brigitte', 'Howford', 'bhowford18@biglobe.ne.jp', '7WC6lAWZY7', 'admin', 'http://dummyimage.com/100x165.png/5fa2dd/ffffff');
insert into users (id, name, lastName, email, password, category, image) values (46, 'Maible', 'Fairtlough', 'mfairtlough19@gov.uk', 'TE9TnCM1mpzq', 'client', 'http://dummyimage.com/210x185.png/ff4444/ffffff');
insert into users (id, name, lastName, email, password, category, image) values (47, 'Fae', 'Maben', 'fmaben1a@naver.com', 'UPDhWGrA', 'client', 'http://dummyimage.com/223x212.png/ff4444/ffffff');
insert into users (id, name, lastName, email, password, category, image) values (48, 'Adrien', 'McMoyer', 'amcmoyer1b@imgur.com', '4HfuwWO', 'admin', 'http://dummyimage.com/120x231.png/dddddd/000000');
insert into users (id, name, lastName, email, password, category, image) values (49, 'Scarlet', 'Newlands', 'snewlands1c@prlog.org', '1eqyO9lPH2', 'client', 'http://dummyimage.com/170x245.png/cc0000/ffffff');
insert into users (id, name, lastName, email, password, category, image) values (50, 'Alecia', 'Edney', 'aedney1d@clickbank.net', 'dOqaY2', 'admin', 'http://dummyimage.com/115x211.png/5fa2dd/ffffff');
insert into category(id, name) values (1, 'home');
insert into category(id, name) values (2, 'featured');
insert into category(id, name) values (3, 'recomendations');
insert into product(id, name, description, image, colors, price, id_user, id_category) values (1, 'Pendientes de seda larga con alas de polilla verde esmeralda', 'Lorem ipsum dolor sit amet consectetur','home1.jpg', 'Verde' , 1285.65, NULL , 1);
insert into product(id, name, description, image, colors, price, id_user, id_category) values (2,'Pendientes de arcilla polimérica jaspeada','Lorem ipsum dolor sit amet consectetur','recom2.jpg','red',282.57,NULL,3);
insert into product(id, name, description, image, colors, price, id_user, id_category) values (3,'Pendientes de arcilla de polímero marrón y mostaza','Lorem ipsum dolor sit amet consectetur','recom3.jpg','red',235.48,NULL,3);
insert into product(id, name, description, image, colors, price, id_user, id_category) values (4,'Pendientes de arcilla polimérica ovalada','Lorem ipsum dolor sit amet consectetur','recom4.jpg','red',282.57,NULL,3);
insert into product(id, name, description, image, colors, price, id_user, id_category) values (5,'Pendientes de polilla azul ','Lorem ipsum dolor sit amet consectetur','home4.jpg','red',1252.84,NULL,2);
insert into product(id, name, description, image, colors, price, id_user, id_category) values (6,'Pendientes largos de borla','Lorem ipsum dolor sit amet consectetur','home5.jpg','red',553.24,NULL,2);
insert into product(id, name, description, image, colors, price, id_user, id_category) values (7,'Pendientes de arcoiris','Lorem ipsum dolor sit amet consectetur','home2.jpg','red',372.21,NULL,1);
insert into product(id, name, description, image, colors, price, id_user, id_category) values (8,'Pendientes serpiente arcilla','Lorem ipsum dolor sit amet consectetur','home6.jpg','red',868.49,NULL,2);
insert into product(id, name, description, image, colors, price, id_user, id_category) values (9,'Pendientes de macrame','Lorem ipsum dolor sit amet consectetur','home7.jpg','red',446.65,NULL,2);
insert into product(id, name, description, image, colors, price, id_user, id_category) values (10,'Pendientes cadena salvia verde','Lorem ipsum dolor sit amet consectetur','home3.jpg','red',1127.32,NULL,1);
insert into product(id, name, description, image, colors, price, id_user, id_category) values (11,'Pendientes de declaración de arcilla de polímero','Lorem ipsum dolor sit amet consectetur','arete1.jpg','red',341.61,NULL,2);
insert into product(id, name, description, image, colors, price, id_user, id_category) values (12,'Aros de arcilla polimérica','Lorem ipsum dolor sit amet consectetur','home8.jpg','red',232.92,NULL,2);
insert into product(id, name, description, image, colors, price, id_user, id_category) values (13,'Pendientes de declaración rosa','Lorem ipsum dolor sit amet consectetur','home9.jpg','red',341.61,NULL,2);
insert into product(id, name, description, image, colors, price, id_user, id_category) values (14,'Pendientes de arcilla polimérica de hojas blancas','Lorem ipsum dolor sit amet consectetur','recom1.jpg','red',535.12,NULL,3);
